samp,Test,,,,,,,,,,
Good,Going,this is sample,,,,,,,,,
sam,yt,this is test,,,,,,,,,
fhgghh,Test,,,,,,,,,,
test foo,gff,,,,,,,,,,
hgg,Ythhg,,,,,,,,,,
James,stret,,,,,,,,,,
Carrot,Govin,,,,,,,,,,
Hedged,ggdg,,,,,,,,,,
hsjghg,Test,,,,,,,,,,
William,God,,,,,,,,,,
Gowtham,Hbdhjmgdf,,,,,,,,,,
Dhbhjsf,hddh,,,,,,,,,,
Samsu,dgsgdg,,,,,,,,,,
govind,Gifs,,,,,,,,,,
god,gff,,,,,,,,,,
Bhadri,Nasty,,,,,,,,,,
Has,Mi,,,,,,,,,,
Nareb,Dra,,,,,,,,,,
Dee,Pak,,,,,,,,,,
vidhay,Bandh,,,,,,,,,,
Yes,Va,,,,,,,,,,
Suneel ,Yadav,,,,,,,,,,
Venkat ,Kona,,,,,,,,,,
mega ,Start,,,,,,,,,,
chinan,Sample,,,,,,,,,,
gte,Gdfd,,,,,,,,,,
bgg,Ahh,,,,,,,,,,
dgsf,Tr,,,,,,,,,,
bggfd,Add,,,,,,,,,,
nbh,Ads,,,,,,,,,,
bvgfd,Dirt,,,,,,,,,,
jaggu,Kumar,,,,,,,,,,
Kumar,Kiran,,,,,,,,,,
harsha,Gi,,,,,,,,,,
Gv,Ka,,,,,,,,,,
Karthik,Kua,,,,,,,,,,
Kolusu,Gopi,,,,,,,,,,
Sampath,Yadav,,,,,,,,,,
shga,Hug,,,,,,,,,,
Bugs,jhg,,,,,,,,,,
Rabdi,Big,,,,,,,,,,
Random,Custome,,,,,,,,,,
Custome,God,,,,,,,,,,
samuel,Goivun,,,,,,,,,,
Sail,Krishan,,,,,,,,,,
bghd,Gone,,,,,,,,,,
bghh,Fgfg,,,,,,,,,,
dont,Der,,,,,,,,,,
Fifty,Over,,,,,,,,,,